Model,MSE,RMSE,MAE,MAPE,Rank
LightGBM,13313.66561365379,115.38485868455093,84.07529542112266,16.665183939928284,1
Prophet,61469.24379793991,247.92991710953302,181.53904169385856,33.45171307353119,2
SARIMA,111136.11682073555,333.37083978766884,250.12949933990745,46.005948246807904,3
